Datum;Symbol;Kurs;Waehrung;AenderungProzent;UnterHochProzent;KGV;Dividende;Analysten;UeberLinie50;Punkte
2026-10-08;ADS.DE;146.55;EUR;-0.1363;25.3819;12.6285;1.91;1.8;0;5
2026-10-08;AIR.DE;187.52;EUR;0.064;15.2452;39.1482;1.71;;0;-2
2026-10-08;ALV.DE;413.6;EUR;-0.8866;9.0189;12.3997;4.1;2.7;0;2
2026-10-08;BAS.DE;51.78;EUR;1.1723;5.9401;17.4809;4.4;2.4;1;1
2026-10-08;BAYN.DE;42.66;EUR;-2.9793;20.8828;8.8212;0.25;1.9;0;4
2026-10-08;BEI.DE;77.56;EUR;0.4663;29.5869;19.4439;1.3;2.8;0;2
2026-10-08;BMW.DE;52.16;EUR;-2.7954;46.732;6.0343;8.2;2.7;0;6
2026-10-08;BNR.DE;61.28;EUR;-0.4225;8.3458;14.6898;3.09;3.0;1;1
2026-10-08;CBK.DE;37.78;EUR;-2.0228;12.8891;9.6394;2.85;2.5;0;2
2026-10-08;CON.DE;68.2;EUR;-2.9872;12;10.39;3.84;2.0;0;4
2026-10-08;DB1.DE;293.1;EUR;0.308;1.2466;21.519;1.44;1.9;1;0
2026-10-08;DBK.DE;29.685;EUR;-0.5694;17.1851;7.7292;3.35;2.2;0;3
2026-10-08;DHL.DE;54.9;EUR;-1.1879;6.7912;14.1732;3.42;2.8;0;2
2026-10-08;DTE.DE;26.87;EUR;-0.4446;21.7986;10.4976;3.71;1.7;0;7
2026-10-08;DTG.DE;40.67;EUR;-0.0246;18.7899;8.5151;4.67;2.2;0;4
2026-10-08;ENR.DE;142.6;EUR;-0.6964;25.5974;22.8867;0.49;1.8;0;4
2026-10-08;EOAN.DE;16.965;EUR;0.4441;16.7974;13.6195;3.37;1.8;0;4
2026-10-08;FME.DE;36.86;EUR;-1.4965;22.9837;8.6431;3.98;3.2;0;4
2026-10-08;FRE.DE;41.485;EUR;-4.1585;21.6673;10.4901;2.43;1.5;0;6
2026-10-08;G1A.DE;67.45;EUR;-0.5895;2.2464;18.0388;1.92;2.2;1;0
2026-10-08;HEI.DE;138.9;EUR;-1.9414;42.5558;9.6554;2.54;2.0;0;5
2026-10-08;HEN3.DE;73.7;EUR;-0.5667;12.4703;12.5374;2.79;2.6;0;1
2026-10-08;HNR1.DE;263.2;EUR;0.458;6.4011;11.168;4.77;2.3;1;4
2026-10-08;IFX.DE;58.82;EUR;-3.4947;33.7836;20.6222;0.57;1.5;1;5
2026-10-08;MBG.DE;39.075;EUR;-1.8956;37.3195;5.7904;8.79;2.3;0;7
2026-10-08;MRK.DE;135.7;EUR;-3.1752;8.8038;15.2222;1.57;2.1;0;2
2026-10-08;MTX.DE;345.5;EUR;-1.595;14.6492;16.7129;1.03;2.3;0;1
2026-10-08;MUV2.DE;520;EUR;0.6582;9.6595;10.0744;4.65;2.8;1;3
2026-10-08;QIA.DE;39.61;EUR;-2.9167;16.777;17.7091;0.75;2.3;1;2
2026-10-08;RHM.DE;937.4;EUR;1.2092;52.3194;17.6153;1.24;1.5;0;4
2026-10-08;RWE.DE;57.16;EUR;-1.2781;7.8065;17.1322;2.07;1.6;0;2
2026-10-08;SAP.DE;184.74;EUR;-1.535;24.3799;22.0757;1.33;1.4;1;5
2026-10-08;SHL.DE;38.43;EUR;-0.3371;22.6916;16.1978;2.59;2.0;0;3
2026-10-08;SIE.DE;264.35;EUR;-2.5258;9.3761;20.4705;1.97;1.9;0;1
2026-10-08;SRT3.DE;246.8;EUR;-5.0769;9.2313;38.9346;0.28;1.9;1;-1
2026-10-08;SY1.DE;90.94;EUR;-0.1098;4.2737;20.7332;1.37;1.9;1;0
2026-10-08;VNA.DE;16.205;EUR;-3.2537;43.9273;8.8462;7.46;2.1;0;7
2026-10-08;VOW3.DE;66.88;EUR;-4.1009;38.7265;3.0351;7.54;2.1;0;5
2026-10-08;ZAL.DE;22.76;EUR;0.8865;25.2054;12.2672;0;1.7;0;5
2026-10-08;AAPL;338.17;USD;0.4455;2.0762;35.2891;0.32;2.2;1;-2
2026-10-08;MSFT;530.565;USD;0.152;4.1817;22.4082;0.74;1.3;1;1
2026-10-08;NVDA;235.515;USD;-0.8233;3.2276;14.7987;0.42;1.3;1;2
2026-10-08;AMZN;258.53;USD;-0.5348;9.9826;24.7009;0;1.3;1;2
2026-10-08;GOOGL;349.41;USD;-0.311;14.4881;23.1834;0.25;1.4;1;2
2026-10-08;META;720.1589;USD;-0.1596;7.6506;20.8468;0.29;1.4;1;2
2026-10-08;TSLA;372.31;USD;-1.4559;25.3634;173.5921;0;2.3;1;2
2026-10-08;ASML.AS;1631.8;EUR;1.3415;6.2723;31.5434;0.48;1.4;1;2
2026-10-08;NOVO-B.CO;249.9;DKK;-1.5754;39.0413;11.4024;4.61;2.9;0;5
2026-10-08;NESN.SW;76;CHF;0.5823;12.734;15.7659;4.1;2.2;0;3
2026-10-08;^GDAXI;24823.05;EUR;-1.1206;6.746;;;;0
2026-10-09;ADS.DE;149.8;EUR;2.2526;23.7271;12.9085;1.91;1.8;0;5
2026-10-09;AIR.DE;187.94;EUR;0.331;15.0554;39.2359;1.71;;0;-2
2026-10-09;ALV.DE;417.1;EUR;0.895;8.249;12.4897;4.1;2.7;0;2
2026-10-09;BAS.DE;51.8;EUR;0.0579;5.9037;17.4877;4.4;2.4;1;1
2026-10-09;BAYN.DE;43.94;EUR;3.1698;18.5089;9.0859;0.25;1.9;0;3
2026-10-09;BEI.DE;78.14;EUR;0.7478;29.0604;19.5764;1.3;2.8;1;3
2026-10-09;BMW.DE;53.24;EUR;2.0314;45.6291;6.1592;8.2;2.7;0;7
2026-10-09;BNR.DE;62.18;EUR;1.5018;6.9997;14.9055;3.09;3.0;1;1
2026-10-09;CBK.DE;37.8;EUR;0.4251;12.843;9.6445;2.85;2.5;0;2
2026-10-09;CON.DE;69.26;EUR;1.7034;10.6323;10.2688;3.84;2.0;0;4
2026-10-09;DB1.DE;296.5;EUR;1.3329;0.5034;21.7686;1.44;1.9;1;0
2026-10-09;DBK.DE;29.99;EUR;1.1126;16.3342;7.8086;3.35;2.2;0;4
2026-10-09;DHL.DE;56.22;EUR;2.3298;4.5501;14.4684;3.42;2.8;1;1
2026-10-09;DTE.DE;24.68;EUR;-8.0134;28.1723;9.642;3.71;1.7;0;6
2026-10-09;DTG.DE;41.2;EUR;1.2534;17.7316;8.626;4.67;2.2;0;4
2026-10-09;ENR.DE;145.04;EUR;1.7825;24.3243;23.241;0.49;1.8;0;4
2026-10-09;EOAN.DE;17.125;EUR;0.9431;16.0128;13.748;3.37;1.8;0;4
2026-10-09;FME.DE;37.67;EUR;2.5871;21.2913;8.8326;3.98;3.2;0;4
2026-10-09;FRE.DE;42.41;EUR;1.9716;19.9207;10.724;2.43;1.5;0;4
2026-10-09;G1A.DE;68.55;EUR;1.7817;1.1536;18.2973;1.92;2.2;1;0
2026-10-09;HEI.DE;142.4;EUR;1.8598;41.1084;9.8987;2.54;2.0;0;6
2026-10-09;HEN3.DE;74.54;EUR;0.948;11.4727;12.6733;2.79;2.6;0;1
2026-10-09;HNR1.DE;264.2;EUR;0.686;6.0455;11.2104;4.77;2.3;1;4
2026-10-09;IFX.DE;58.7;EUR;-0.3396;33.9187;20.5704;0.57;1.5;1;5
2026-10-09;MBG.DE;39.5;EUR;1.2172;36.6378;5.8534;8.79;2.3;0;7
2026-10-09;MRK.DE;137.9;EUR;1.6212;7.3253;15.469;1.57;2.1;1;2
2026-10-09;MTX.DE;348.6;EUR;1.4257;13.8834;16.8506;1.03;2.3;0;1
2026-10-09;MUV2.DE;524.6;EUR;1.079;8.6699;10.1635;4.65;2.8;1;3
2026-10-09;QIA.DE;40.355;EUR;1.9709;15.2117;17.9971;0.75;2.3;1;2
2026-10-09;RHM.DE;937.4;EUR;0.2674;52.3194;17.6704;1.24;1.5;0;4
2026-10-09;RWE.DE;58.04;EUR;1.3976;6.3871;17.3959;2.07;1.6;0;2
2026-10-09;SAP.DE;192;EUR;3.9974;21.4081;22.9485;1.33;1.4;1;5
2026-10-09;SHL.DE;39.15;EUR;2.3262;21.2432;16.465;2.59;2.0;1;4
2026-10-09;SIE.DE;272.2;EUR;3.0085;6.685;21.113;1.97;1.9;0;1
2026-10-09;SRT3.DE;253.6;EUR;2.7137;6.7304;40.0557;0.28;1.9;1;-1
2026-10-09;SY1.DE;92.32;EUR;1.5175;2.8211;21.0478;1.37;1.9;1;0
2026-10-09;VNA.DE;16.345;EUR;0.8639;43.4429;8.9226;7.46;2.1;0;7
2026-10-09;VOW3.DE;68.14;EUR;2.3123;37.5721;3.0922;7.54;2.1;0;6
2026-10-09;ZAL.DE;23.92;EUR;4.8663;21.3934;12.8924;0;1.7;1;6
2026-10-09;AAPL;334.195;USD;-1.8286;3.2273;34.8567;0.32;2.2;1;0
2026-10-09;MSFT;533.56;USD;2.0953;3.6408;22.5346;0.75;1.3;1;1
2026-10-09;NVDA;230.005;USD;-0.2061;5.4916;14.4525;0.42;1.3;1;3
2026-10-09;AMZN;261.05;USD;2.7513;9.1052;24.9416;0;1.3;1;2
2026-10-09;GOOGL;353.35;USD;1.4528;13.5239;23.2266;0.25;1.4;1;2
2026-10-09;META;724.4475;USD;0.4935;7.1007;20.9709;0.29;1.4;1;2
2026-10-09;TSLA;382.375;USD;1.9666;23.3456;178.2078;0;2.4;1;1
2026-10-09;ASML.AS;1600.6;EUR;-1.8398;8.0643;30.8261;0.48;1.4;1;2
2026-10-09;NOVO-B.CO;255.25;DKK;2.1409;37.7363;11.6813;4.68;2.9;0;5
2026-10-09;NESN.SW;76.04;CHF;0.0526;12.688;15.7742;4.08;2.2;0;3
2026-10-09;^GDAXI;25102.34;EUR;1.1907;5.6967;;;;0
